Fecha,Apertura,Max,Min,Cierre,Volumen,Indice,Cambio,Cambio%,weekday,month,year
2024-01-08,26.08,26.24,25.56,25.72,475019.0,IBEX,-0.35999999999999943,-1.38,Monday,January,2024
2024-01-05,25.9,26.26,25.44,26.18,275537.0,IBEX,0.28000000000000114,1.081,Friday,January,2024
2024-01-04,26.38,26.58,25.7,25.96,684175.0,IBEX,-0.41999999999999815,-1.592,Thursday,January,2024
2024-01-03,27.2,27.22,26.2,26.28,424511.0,IBEX,-0.9199999999999982,-3.382,Wednesday,January,2024
2024-01-02,27.96,28.12,27.02,27.18,301079.0,IBEX,-0.7800000000000011,-2.79,Tuesday,January,2024
2023-12-29,28.26,28.5,27.96,28.08,116311.0,IBEX,-0.18000000000000327,-0.637,Friday,December,2023
2023-12-28,28.44,28.5,28.12,28.24,139335.0,IBEX,-0.20000000000000284,-0.703,Thursday,December,2023
2023-12-27,28.02,28.42,27.92,28.34,140247.0,IBEX,0.3200000000000003,1.142,Wednesday,December,2023
2023-12-22,28.04,28.08,27.44,27.74,186248.0,IBEX,-0.3000000000000007,-1.07,Friday,December,2023
2023-12-21,27.7,28.26,27.52,27.88,496880.0,IBEX,0.17999999999999972,0.65,Thursday,December,2023
2023-12-20,27.96,28.32,27.84,27.98,305708.0,IBEX,0.019999999999999574,0.072,Wednesday,December,2023
2023-12-19,27.9,28.18,27.52,27.88,337181.0,IBEX,-0.019999999999999574,-0.072,Tuesday,December,2023
2023-12-18,28.32,28.52,27.78,27.86,350158.0,IBEX,-0.46000000000000085,-1.624,Monday,December,2023
2023-12-15,28.1,28.9,28.0,28.68,1079655.0,IBEX,0.5799999999999983,2.064,Friday,December,2023
2023-12-14,27.44,28.36,27.34,28.0,491183.0,IBEX,0.5599999999999987,2.041,Thursday,December,2023
2023-12-13,26.2,26.58,26.02,26.02,248305.0,IBEX,-0.17999999999999972,-0.687,Wednesday,December,2023
2023-12-12,27.0,27.04,26.16,26.16,319598.0,IBEX,-0.8399999999999999,-3.111,Tuesday,December,2023
2023-12-11,28.04,28.1,26.82,26.88,305485.0,IBEX,-1.1600000000000001,-4.137,Monday,December,2023
2023-12-08,28.04,28.78,28.04,28.22,243641.0,IBEX,0.17999999999999972,0.642,Friday,December,2023
2023-12-07,27.58,28.3,27.58,28.12,286916.0,IBEX,0.5400000000000027,1.958,Thursday,December,2023
2023-12-06,27.4,27.8,27.22,27.8,241873.0,IBEX,0.40000000000000213,1.46,Wednesday,December,2023
2023-12-05,27.72,27.78,27.2,27.38,529830.0,IBEX,-0.33999999999999986,-1.227,Tuesday,December,2023
2023-12-04,27.54,28.0,27.54,27.84,340665.0,IBEX,0.3000000000000007,1.089,Monday,December,2023
2023-12-01,27.26,27.36,26.94,27.26,162843.0,IBEX,0.0,0.0,Friday,December,2023
2023-11-30,26.94,27.24,26.8,27.24,1408851.0,IBEX,0.29999999999999716,1.114,Thursday,November,2023
2023-11-29,26.22,27.1,26.22,26.74,369077.0,IBEX,0.5199999999999996,1.983,Wednesday,November,2023
2023-11-28,26.06,26.38,26.06,26.14,294970.0,IBEX,0.08000000000000185,0.307,Tuesday,November,2023
2023-11-27,26.1,26.34,25.92,26.14,329131.0,IBEX,0.03999999999999915,0.153,Monday,November,2023
2023-11-24,26.12,26.36,26.0,26.06,224822.0,IBEX,-0.060000000000002274,-0.23,Friday,November,2023
2023-11-23,25.9,26.4,25.86,26.12,213225.0,IBEX,0.22000000000000242,0.849,Thursday,November,2023
2023-11-22,26.0,26.16,25.54,25.9,443188.0,IBEX,-0.10000000000000142,-0.385,Wednesday,November,2023
2023-11-21,26.94,27.08,26.04,26.04,851802.0,IBEX,-0.9000000000000021,-3.341,Tuesday,November,2023
2023-11-20,27.48,27.7,27.08,27.32,238019.0,IBEX,-0.16000000000000014,-0.582,Monday,November,2023
2023-11-17,27.92,27.92,26.96,27.14,464702.0,IBEX,-0.7800000000000011,-2.794,Friday,November,2023
2023-11-16,27.68,28.0,27.52,27.76,324366.0,IBEX,0.08000000000000185,0.289,Thursday,November,2023
2023-11-15,27.8,28.92,27.7,27.98,421812.0,IBEX,0.17999999999999972,0.647,Wednesday,November,2023
2023-11-14,27.1,27.76,26.5,27.76,366322.0,IBEX,0.6600000000000001,2.435,Tuesday,November,2023
2023-11-13,26.6,27.06,26.26,26.9,216371.0,IBEX,0.29999999999999716,1.128,Monday,November,2023
2023-11-10,26.86,26.86,26.34,26.54,272379.0,IBEX,-0.3200000000000003,-1.191,Friday,November,2023
2023-11-09,26.88,27.1,26.68,26.96,245683.0,IBEX,0.08000000000000185,0.298,Thursday,November,2023
2023-11-08,26.9,27.16,26.72,26.84,197490.0,IBEX,-0.05999999999999872,-0.223,Wednesday,November,2023
2023-11-07,27.22,27.26,26.92,27.1,359518.0,IBEX,-0.11999999999999744,-0.441,Tuesday,November,2023
2023-11-06,27.9,27.9,27.38,27.48,264734.0,IBEX,-0.41999999999999815,-1.505,Monday,November,2023
2023-11-03,26.86,28.18,26.82,27.58,333429.0,IBEX,0.7199999999999989,2.681,Friday,November,2023
2023-11-02,25.76,27.14,25.76,26.76,408036.0,IBEX,1.0,3.882,Thursday,November,2023
2023-11-01,25.3,25.52,24.86,25.52,271229.0,IBEX,0.21999999999999886,0.87,Wednesday,November,2023
2023-10-31,25.04,25.72,24.86,25.58,295711.0,IBEX,0.5399999999999991,2.157,Tuesday,October,2023
2023-10-30,24.82,25.18,24.62,24.92,270883.0,IBEX,0.10000000000000142,0.403,Monday,October,2023
2023-10-27,25.0,25.44,24.5,24.64,328483.0,IBEX,-0.35999999999999943,-1.44,Friday,October,2023
2023-10-26,24.8,25.42,24.7,24.96,296845.0,IBEX,0.16000000000000014,0.645,Thursday,October,2023
2023-10-25,25.9,25.92,24.92,25.12,257849.0,IBEX,-0.7799999999999976,-3.012,Wednesday,October,2023
2023-10-24,25.18,25.86,25.14,25.72,300262.0,IBEX,0.5399999999999991,2.145,Tuesday,October,2023
2023-10-23,25.0,25.16,24.54,25.08,272412.0,IBEX,0.0799999999999983,0.32,Monday,October,2023
2023-10-20,25.5,25.5,24.88,25.2,738579.0,IBEX,-0.3000000000000007,-1.176,Friday,October,2023
2023-10-19,26.02,26.42,25.62,25.66,498007.0,IBEX,-0.35999999999999943,-1.384,Thursday,October,2023
2023-10-18,25.0,26.74,25.0,26.24,702529.0,IBEX,1.2399999999999984,4.96,Wednesday,October,2023
2023-10-17,24.78,25.68,24.76,25.22,372532.0,IBEX,0.4399999999999977,1.776,Tuesday,October,2023
2023-10-16,23.98,24.76,23.98,24.7,312597.0,IBEX,0.7199999999999989,3.003,Monday,October,2023
2023-10-13,24.38,24.76,24.14,24.34,243281.0,IBEX,-0.03999999999999915,-0.164,Friday,October,2023
2023-10-12,25.0,25.1,24.28,24.36,307416.0,IBEX,-0.6400000000000006,-2.56,Thursday,October,2023
2023-10-11,24.5,24.96,24.3,24.9,319490.0,IBEX,0.3999999999999986,1.633,Wednesday,October,2023
2023-10-10,23.56,24.32,23.54,24.26,290881.0,IBEX,0.7000000000000028,2.971,Tuesday,October,2023
2023-10-09,23.22,23.58,23.1,23.42,309386.0,IBEX,0.20000000000000284,0.861,Monday,October,2023
2023-10-06,23.02,23.26,22.5,23.12,459310.0,IBEX,0.10000000000000142,0.434,Friday,October,2023
2023-10-05,23.22,23.54,23.12,23.32,340607.0,IBEX,0.10000000000000142,0.431,Thursday,October,2023
2023-10-04,22.86,23.28,22.72,22.92,398036.0,IBEX,0.060000000000002274,0.262,Wednesday,October,2023
2023-10-03,23.82,23.88,22.76,22.8,446979.0,IBEX,-1.0199999999999996,-4.282,Tuesday,October,2023
2023-10-02,24.52,24.96,23.94,23.94,561457.0,IBEX,-0.5799999999999983,-2.365,Monday,October,2023
2023-09-29,24.0,24.82,23.94,24.4,472190.0,IBEX,0.3999999999999986,1.667,Friday,September,2023
2023-09-28,24.0,24.46,23.86,23.9,404743.0,IBEX,-0.10000000000000142,-0.417,Thursday,September,2023
2023-09-27,24.94,25.06,23.94,24.0,442583.0,IBEX,-0.9400000000000013,-3.769,Wednesday,September,2023
2023-09-26,24.56,25.12,24.42,24.7,325605.0,IBEX,0.14000000000000057,0.57,Tuesday,September,2023
2023-09-25,25.5,25.54,24.5,24.76,403116.0,IBEX,-0.7399999999999984,-2.902,Monday,September,2023
2023-09-22,25.86,26.06,25.48,25.5,176058.0,IBEX,-0.35999999999999943,-1.392,Friday,September,2023
2023-09-21,26.54,26.7,25.66,25.86,367026.0,IBEX,-0.6799999999999997,-2.562,Thursday,September,2023
2023-09-20,26.06,26.44,25.94,26.3,259852.0,IBEX,0.240000000000002,0.921,Wednesday,September,2023
2023-09-19,26.02,26.22,25.86,25.88,323077.0,IBEX,-0.14000000000000057,-0.538,Tuesday,September,2023
2023-09-18,26.34,26.44,25.88,25.92,233515.0,IBEX,-0.41999999999999815,-1.595,Monday,September,2023
2023-09-15,26.78,26.82,26.32,26.48,1120158.0,IBEX,-0.3000000000000007,-1.12,Friday,September,2023
2023-09-14,26.22,26.64,26.16,26.64,258908.0,IBEX,0.4200000000000017,1.602,Thursday,September,2023
2023-09-13,26.22,26.48,26.02,26.36,261055.0,IBEX,0.14000000000000057,0.534,Wednesday,September,2023
2023-09-12,26.84,26.92,26.32,26.34,270764.0,IBEX,-0.5,-1.863,Tuesday,September,2023
2023-09-11,26.76,26.84,26.38,26.78,270099.0,IBEX,0.019999999999999574,0.075,Monday,September,2023
2023-09-08,26.1,26.72,26.08,26.54,341880.0,IBEX,0.4399999999999977,1.686,Friday,September,2023
2023-09-07,25.94,26.08,25.66,25.86,364738.0,IBEX,-0.08000000000000185,-0.308,Thursday,September,2023
2023-09-06,25.76,26.02,24.84,25.98,337773.0,IBEX,0.21999999999999886,0.854,Wednesday,September,2023
2023-09-05,26.06,26.28,25.88,25.88,297352.0,IBEX,-0.17999999999999972,-0.691,Tuesday,September,2023
2023-09-04,26.9,27.0,26.08,26.12,338507.0,IBEX,-0.7799999999999976,-2.9,Monday,September,2023
2023-09-01,27.4,27.5,26.78,26.94,290053.0,IBEX,-0.4599999999999973,-1.679,Friday,September,2023
2023-08-31,27.24,27.58,27.16,27.44,818726.0,IBEX,0.20000000000000284,0.734,Thursday,August,2023
2023-08-30,27.94,27.96,27.06,27.2,506218.0,IBEX,-0.740000000000002,-2.649,Wednesday,August,2023
2023-08-29,26.4,28.16,26.06,27.92,743148.0,IBEX,1.5200000000000031,5.758,Tuesday,August,2023
2023-08-28,26.04,26.24,26.04,26.18,22486.0,IBEX,0.14000000000000057,0.538,Monday,August,2023
2023-08-25,25.78,26.16,25.62,26.02,216112.0,IBEX,0.23999999999999844,0.931,Friday,August,2023
2023-08-24,25.94,26.1,25.76,25.88,335922.0,IBEX,-0.060000000000002274,-0.231,Thursday,August,2023
2023-08-23,25.76,26.38,25.72,25.78,214330.0,IBEX,0.019999999999999574,0.078,Wednesday,August,2023
2023-08-22,25.14,25.76,25.14,25.62,286717.0,IBEX,0.4800000000000004,1.909,Tuesday,August,2023
2023-08-21,25.54,25.58,25.14,25.14,331136.0,IBEX,-0.3999999999999986,-1.566,Monday,August,2023
2023-08-18,25.24,25.82,25.1,25.56,289749.0,IBEX,0.3200000000000003,1.268,Friday,August,2023
2023-08-17,26.08,26.08,25.22,25.22,284604.0,IBEX,-0.8599999999999994,-3.298,Thursday,August,2023
2023-08-16,26.26,26.54,26.16,26.18,181396.0,IBEX,-0.08000000000000185,-0.305,Wednesday,August,2023
2023-08-15,26.84,26.84,26.14,26.28,175425.0,IBEX,-0.5599999999999987,-2.086,Tuesday,August,2023
2023-08-14,27.36,27.36,26.78,26.9,228219.0,IBEX,-0.46000000000000085,-1.681,Monday,August,2023
2023-08-11,27.88,28.02,27.3,27.36,207744.0,IBEX,-0.5199999999999996,-1.865,Friday,August,2023
2023-08-10,27.34,27.76,27.28,27.64,219694.0,IBEX,0.3000000000000007,1.097,Thursday,August,2023
2023-08-09,27.64,27.64,27.06,27.24,180135.0,IBEX,-0.40000000000000213,-1.447,Wednesday,August,2023
2023-08-08,27.28,27.6,27.22,27.22,211345.0,IBEX,-0.060000000000002274,-0.22,Tuesday,August,2023
2023-08-07,27.6,27.78,27.26,27.38,165858.0,IBEX,-0.22000000000000242,-0.797,Monday,August,2023
2023-08-04,27.66,27.86,27.48,27.74,212329.0,IBEX,0.0799999999999983,0.289,Friday,August,2023
2023-08-03,27.62,27.8,27.26,27.64,179745.0,IBEX,0.019999999999999574,0.072,Thursday,August,2023
2023-08-02,28.12,28.22,27.7,27.7,264705.0,IBEX,-0.4200000000000017,-1.494,Wednesday,August,2023
2023-08-01,28.68,28.74,28.26,28.3,222526.0,IBEX,-0.379999999999999,-1.325,Tuesday,August,2023
2023-07-31,28.34,29.02,28.3,28.62,291836.0,IBEX,0.28000000000000114,0.988,Monday,July,2023
2023-07-28,28.98,29.78,28.62,28.8,337343.0,IBEX,-0.17999999999999972,-0.621,Friday,July,2023
2023-07-27,30.0,30.0,29.14,29.14,238923.0,IBEX,-0.8599999999999994,-2.867,Thursday,July,2023
2023-07-26,29.0,29.96,28.9,29.84,305912.0,IBEX,0.8399999999999999,2.897,Wednesday,July,2023
2023-07-25,28.92,29.16,28.46,29.16,323073.0,IBEX,0.23999999999999844,0.83,Tuesday,July,2023
2023-07-24,28.44,29.24,28.44,29.0,243081.0,IBEX,0.5599999999999987,1.969,Monday,July,2023
2023-07-21,28.86,29.1,28.7,28.92,451620.0,IBEX,0.060000000000002274,0.208,Friday,July,2023
2023-07-20,29.32,29.6,28.98,29.04,259859.0,IBEX,-0.28000000000000114,-0.955,Thursday,July,2023
2023-07-19,29.34,30.14,29.32,29.32,425046.0,IBEX,-0.019999999999999574,-0.068,Wednesday,July,2023
2023-07-18,29.34,29.4,29.14,29.3,264028.0,IBEX,-0.03999999999999915,-0.136,Tuesday,July,2023
2023-07-17,28.96,29.26,28.9,29.16,238587.0,IBEX,0.1999999999999993,0.691,Monday,July,2023
2023-07-14,28.74,29.06,28.68,28.92,248050.0,IBEX,0.18000000000000327,0.626,Friday,July,2023
2023-07-13,28.52,28.86,28.48,28.76,280177.0,IBEX,0.240000000000002,0.842,Thursday,July,2023
2023-07-12,28.42,28.46,27.82,28.3,302414.0,IBEX,-0.120000000000001,-0.422,Wednesday,July,2023
2023-07-11,27.8,28.42,27.8,28.36,277274.0,IBEX,0.5599999999999987,2.014,Tuesday,July,2023
2023-07-10,27.74,27.9,27.52,27.62,237747.0,IBEX,-0.11999999999999744,-0.433,Monday,July,2023
2023-07-07,27.6,28.06,27.14,28.02,358408.0,IBEX,0.41999999999999815,1.522,Friday,July,2023
2023-07-06,28.0,28.4,27.7,27.72,447892.0,IBEX,-0.28000000000000114,-1.0,Thursday,July,2023
2023-07-05,29.34,29.34,28.1,28.12,372000.0,IBEX,-1.2199999999999989,-4.158,Wednesday,July,2023
2023-07-04,29.8,29.8,29.22,29.34,281223.0,IBEX,-0.46000000000000085,-1.544,Tuesday,July,2023
2023-07-03,28.92,30.36,28.74,29.74,433942.0,IBEX,0.8199999999999967,2.835,Monday,July,2023
2023-06-30,30.94,31.1,30.26,30.62,497298.0,IBEX,-0.3200000000000003,-1.034,Friday,June,2023
2023-06-29,31.0,31.16,30.66,30.94,171080.0,IBEX,-0.05999999999999872,-0.194,Thursday,June,2023
2023-06-28,31.04,31.14,30.72,31.06,260413.0,IBEX,0.019999999999999574,0.064,Wednesday,June,2023
2023-06-27,30.92,31.22,30.78,31.1,292992.0,IBEX,0.17999999999999972,0.582,Tuesday,June,2023
2023-06-26,29.88,30.86,29.84,30.78,378637.0,IBEX,0.9000000000000021,3.012,Monday,June,2023
2023-06-23,30.8,30.8,29.96,29.96,228953.0,IBEX,-0.8399999999999999,-2.727,Friday,June,2023
2023-06-22,31.44,31.48,30.82,31.06,230309.0,IBEX,-0.38000000000000256,-1.209,Thursday,June,2023
2023-06-21,32.12,32.12,31.62,31.62,202642.0,IBEX,-0.49999999999999645,-1.557,Wednesday,June,2023
2023-06-20,31.56,32.26,31.56,32.08,228283.0,IBEX,0.5199999999999996,1.648,Tuesday,June,2023
2023-06-19,31.84,31.94,31.56,31.62,305397.0,IBEX,-0.21999999999999886,-0.691,Monday,June,2023
2023-06-16,31.8,32.32,31.8,32.02,540892.0,IBEX,0.22000000000000242,0.692,Friday,June,2023
2023-06-15,31.46,31.96,31.32,31.8,305681.0,IBEX,0.33999999999999986,1.081,Thursday,June,2023
2023-06-14,31.6,31.84,31.44,31.52,287874.0,IBEX,-0.08000000000000185,-0.253,Wednesday,June,2023
2023-06-13,31.8,31.88,31.44,31.68,462383.0,IBEX,-0.120000000000001,-0.377,Tuesday,June,2023
2023-06-12,32.28,32.92,32.26,32.34,361361.0,IBEX,0.060000000000002274,0.186,Monday,June,2023
2023-06-09,31.54,32.36,31.46,32.24,253151.0,IBEX,0.7000000000000028,2.219,Friday,June,2023
2023-06-08,31.34,31.72,31.12,31.54,267866.0,IBEX,0.1999999999999993,0.638,Thursday,June,2023
2023-06-07,31.74,32.06,31.4,31.44,291000.0,IBEX,-0.29999999999999716,-0.945,Wednesday,June,2023
2023-06-06,32.0,32.06,31.64,32.02,203385.0,IBEX,0.020000000000003126,0.063,Tuesday,June,2023
2023-06-05,32.02,32.22,31.76,32.12,220506.0,IBEX,0.09999999999999432,0.312,Monday,June,2023
2023-06-02,31.54,31.98,31.48,31.96,267398.0,IBEX,0.4200000000000017,1.332,Friday,June,2023
2023-06-01,31.7,31.7,30.9,31.4,291141.0,IBEX,-0.3000000000000007,-0.946,Thursday,June,2023
2023-05-31,31.4,31.44,30.54,31.12,2550984.0,IBEX,-0.2799999999999976,-0.892,Wednesday,May,2023
2023-05-30,31.62,31.72,31.22,31.3,481485.0,IBEX,-0.3200000000000003,-1.012,Tuesday,May,2023
2023-05-29,31.3,31.84,30.86,31.62,141595.0,IBEX,0.3200000000000003,1.022,Monday,May,2023
2023-05-26,31.72,31.72,31.04,31.3,278434.0,IBEX,-0.41999999999999815,-1.324,Friday,May,2023
2023-05-25,32.16,32.36,31.5,31.5,374365.0,IBEX,-0.6599999999999966,-2.052,Thursday,May,2023
2023-05-24,31.62,32.2,31.4,32.12,322578.0,IBEX,0.49999999999999645,1.581,Wednesday,May,2023
2023-05-23,31.8,32.0,31.46,31.72,270668.0,IBEX,-0.08000000000000185,-0.252,Tuesday,May,2023
2023-05-22,31.14,31.8,31.14,31.76,437265.0,IBEX,0.620000000000001,1.991,Monday,May,2023
2023-05-19,30.98,31.28,30.74,31.12,246750.0,IBEX,0.14000000000000057,0.452,Friday,May,2023
2023-05-18,31.32,31.36,30.76,30.86,243991.0,IBEX,-0.46000000000000085,-1.469,Thursday,May,2023
2023-05-17,31.9,31.92,31.1,31.1,310773.0,IBEX,-0.7999999999999972,-2.508,Wednesday,May,2023
2023-05-16,32.28,32.72,32.06,32.1,326858.0,IBEX,-0.17999999999999972,-0.558,Tuesday,May,2023
2023-05-15,32.1,32.74,32.08,32.46,186791.0,IBEX,0.35999999999999943,1.121,Monday,May,2023
2023-05-12,33.1,33.36,31.66,32.1,331923.0,IBEX,-1.0,-3.021,Friday,May,2023
2023-05-11,33.5,33.9,33.44,33.62,297512.0,IBEX,0.11999999999999744,0.358,Thursday,May,2023
2023-05-10,33.18,33.8,32.96,33.6,371474.0,IBEX,0.4200000000000017,1.266,Wednesday,May,2023
2023-05-09,33.08,33.08,32.68,32.9,384124.0,IBEX,-0.17999999999999972,-0.544,Tuesday,May,2023
2023-05-08,32.82,33.2,32.6,33.12,246572.0,IBEX,0.29999999999999716,0.914,Monday,May,2023
2023-05-05,32.66,32.76,32.22,32.72,171472.0,IBEX,0.060000000000002274,0.184,Friday,May,2023
2023-05-04,31.68,32.4,31.62,32.4,240242.0,IBEX,0.7199999999999989,2.273,Thursday,May,2023
2023-05-03,32.26,32.6,31.68,31.84,454891.0,IBEX,-0.41999999999999815,-1.302,Wednesday,May,2023
2023-05-02,32.58,32.88,32.06,32.44,631547.0,IBEX,-0.14000000000000057,-0.43,Tuesday,May,2023
2023-04-28,33.06,33.18,32.44,32.56,357049.0,IBEX,-0.5,-1.512,Friday,April,2023
2023-04-27,32.8,33.14,32.52,33.14,257710.0,IBEX,0.3400000000000034,1.037,Thursday,April,2023
2023-04-26,33.14,33.28,32.62,32.88,213447.0,IBEX,-0.259999999999998,-0.785,Wednesday,April,2023
2023-04-25,32.7,33.12,32.34,33.12,315160.0,IBEX,0.4199999999999946,1.284,Tuesday,April,2023
2023-04-24,33.04,33.2,32.6,32.66,328469.0,IBEX,-0.38000000000000256,-1.15,Monday,April,2023
2023-04-21,32.98,33.24,32.76,32.96,677925.0,IBEX,-0.01999999999999602,-0.061,Friday,April,2023
2023-04-20,33.28,33.32,32.36,32.8,255267.0,IBEX,-0.480000000000004,-1.442,Thursday,April,2023
2023-04-19,32.72,33.32,32.68,33.2,571811.0,IBEX,0.480000000000004,1.467,Wednesday,April,2023
2023-04-18,34.06,34.6,32.6,32.68,549788.0,IBEX,-1.3800000000000026,-4.052,Tuesday,April,2023
2023-04-17,34.2,34.72,34.12,34.14,374690.0,IBEX,-0.060000000000002274,-0.175,Monday,April,2023
2023-04-14,35.18,35.18,33.96,34.02,335457.0,IBEX,-1.1599999999999966,-3.297,Friday,April,2023
2023-04-13,34.34,35.02,34.34,34.76,291121.0,IBEX,0.4199999999999946,1.223,Thursday,April,2023
2023-04-12,34.66,34.8,34.4,34.64,321045.0,IBEX,-0.01999999999999602,-0.058,Wednesday,April,2023
2023-04-11,36.34,36.34,33.92,34.46,356211.0,IBEX,-1.8800000000000026,-5.173,Tuesday,April,2023
2023-04-06,35.9,36.3,35.66,36.02,210613.0,IBEX,0.12000000000000455,0.334,Thursday,April,2023
2023-04-05,35.56,36.08,35.5,35.66,337643.0,IBEX,0.09999999999999432,0.281,Wednesday,April,2023
2023-04-04,35.7,36.16,35.62,35.9,255174.0,IBEX,0.19999999999999574,0.56,Tuesday,April,2023
2023-04-03,36.0,36.1,35.14,35.54,274684.0,IBEX,-0.46000000000000085,-1.278,Monday,April,2023
2023-03-31,35.26,35.78,34.9,35.76,377505.0,IBEX,0.5,1.418,Friday,March,2023
2023-03-30,34.44,35.22,34.44,35.04,220762.0,IBEX,0.6000000000000014,1.742,Thursday,March,2023
2023-03-29,34.38,34.58,33.94,34.58,268038.0,IBEX,0.19999999999999574,0.582,Wednesday,March,2023
2023-03-28,34.6,34.62,34.12,34.32,209488.0,IBEX,-0.28000000000000114,-0.809,Tuesday,March,2023
2023-03-27,34.64,34.86,34.36,34.56,301288.0,IBEX,-0.0799999999999983,-0.231,Monday,March,2023
2023-03-24,34.88,34.88,34.24,34.42,268902.0,IBEX,-0.46000000000000085,-1.319,Friday,March,2023
2023-03-23,35.26,35.26,34.44,34.98,281074.0,IBEX,-0.28000000000000114,-0.794,Thursday,March,2023
2023-03-22,35.3,35.3,34.34,34.62,239274.0,IBEX,-0.6799999999999997,-1.926,Wednesday,March,2023
2023-03-21,35.0,35.3,34.84,35.2,169191.0,IBEX,0.20000000000000284,0.571,Tuesday,March,2023
2023-03-20,33.92,35.02,33.72,34.92,327669.0,IBEX,1.0,2.948,Monday,March,2023
2023-03-17,35.14,35.32,33.96,34.14,734852.0,IBEX,-1.0,-2.846,Friday,March,2023
2023-03-16,34.88,35.28,34.64,35.12,281958.0,IBEX,0.23999999999999488,0.688,Thursday,March,2023
2023-03-15,35.28,35.52,34.56,34.6,360122.0,IBEX,-0.6799999999999997,-1.927,Wednesday,March,2023
2023-03-14,34.4,35.5,34.36,35.2,391933.0,IBEX,0.8000000000000043,2.326,Tuesday,March,2023
2023-03-13,34.32,34.6,33.66,34.46,365623.0,IBEX,0.14000000000000057,0.408,Monday,March,2023
2023-03-10,34.42,34.78,34.04,34.3,260610.0,IBEX,-0.12000000000000455,-0.349,Friday,March,2023
2023-03-09,34.98,34.98,34.26,34.66,200383.0,IBEX,-0.3200000000000003,-0.915,Thursday,March,2023
2023-03-08,34.62,34.86,34.24,34.82,256358.0,IBEX,0.20000000000000284,0.578,Wednesday,March,2023
2023-03-07,33.88,34.9,33.84,34.64,469997.0,IBEX,0.759999999999998,2.243,Tuesday,March,2023
2023-03-06,35.24,35.24,33.72,33.8,427604.0,IBEX,-1.4400000000000048,-4.086,Monday,March,2023
2023-03-03,35.16,35.32,34.74,34.98,298606.0,IBEX,-0.17999999999999972,-0.512,Friday,March,2023
2023-03-02,35.52,35.76,34.64,34.96,327876.0,IBEX,-0.5600000000000023,-1.577,Thursday,March,2023
2023-03-01,36.28,36.44,35.5,35.68,421516.0,IBEX,-0.6000000000000014,-1.654,Wednesday,March,2023
2023-02-28,36.56,36.98,34.62,36.62,2347223.0,IBEX,0.05999999999999517,0.164,Tuesday,February,2023
2023-02-27,36.2,36.52,36.02,36.12,255476.0,IBEX,-0.0800000000000054,-0.221,Monday,February,2023
2023-02-24,36.52,37.02,36.24,36.3,265130.0,IBEX,-0.22000000000000597,-0.602,Friday,February,2023
2023-02-23,36.9,36.92,36.16,36.42,280111.0,IBEX,-0.4799999999999969,-1.301,Thursday,February,2023
2023-02-22,37.3,37.32,36.46,36.7,274648.0,IBEX,-0.5999999999999943,-1.609,Wednesday,February,2023
2023-02-21,37.38,37.9,37.12,37.4,240198.0,IBEX,0.01999999999999602,0.054,Tuesday,February,2023
2023-02-20,38.24,38.5,37.88,37.88,159872.0,IBEX,-0.35999999999999943,-0.941,Monday,February,2023
2023-02-17,37.1,38.38,37.0,38.0,388213.0,IBEX,0.8999999999999986,2.426,Friday,February,2023
2023-02-16,37.46,37.7,37.06,37.3,295951.0,IBEX,-0.1600000000000037,-0.427,Thursday,February,2023
2023-02-15,37.26,37.52,37.06,37.36,159407.0,IBEX,0.10000000000000142,0.268,Wednesday,February,2023
2023-02-14,37.8,37.96,37.22,37.26,195948.0,IBEX,-0.5399999999999991,-1.429,Tuesday,February,2023
2023-02-13,37.54,37.92,37.18,37.78,214956.0,IBEX,0.240000000000002,0.639,Monday,February,2023
2023-02-10,36.9,37.6,36.88,37.6,232707.0,IBEX,0.7000000000000028,1.897,Friday,February,2023
2023-02-09,37.7,37.76,36.92,37.12,178937.0,IBEX,-0.5800000000000054,-1.538,Thursday,February,2023
2023-02-08,37.12,37.62,37.04,37.4,271490.0,IBEX,0.28000000000000114,0.754,Wednesday,February,2023
2023-02-07,36.88,37.12,36.56,36.9,154539.0,IBEX,0.01999999999999602,0.054,Tuesday,February,2023
2023-02-06,36.58,37.02,36.58,36.96,270469.0,IBEX,0.38000000000000256,1.039,Monday,February,2023
2023-02-03,37.32,37.32,36.1,36.62,354192.0,IBEX,-0.7000000000000028,-1.876,Friday,February,2023
2023-02-02,36.52,37.5,36.3,37.42,421487.0,IBEX,0.8999999999999986,2.464,Thursday,February,2023
2023-02-01,37.4,37.48,36.54,36.62,267206.0,IBEX,-0.7800000000000011,-2.086,Wednesday,February,2023
2023-01-31,36.7,37.68,36.56,37.52,346944.0,IBEX,0.8200000000000003,2.234,Tuesday,January,2023
2023-01-30,37.16,37.16,36.38,36.68,273456.0,IBEX,-0.4799999999999969,-1.292,Monday,January,2023
2023-01-27,37.3,37.54,37.14,37.24,470665.0,IBEX,-0.05999999999999517,-0.161,Friday,January,2023
2023-01-26,37.64,37.76,37.1,37.28,186676.0,IBEX,-0.35999999999999943,-0.956,Thursday,January,2023
2023-01-25,37.22,37.64,36.94,37.48,193980.0,IBEX,0.259999999999998,0.699,Wednesday,January,2023
2023-01-24,37.34,37.58,37.04,37.26,172354.0,IBEX,-0.0800000000000054,-0.214,Tuesday,January,2023
2023-01-23,37.8,38.02,37.2,37.66,257647.0,IBEX,-0.14000000000000057,-0.37,Monday,January,2023
2023-01-20,37.98,38.68,37.86,37.98,904472.0,IBEX,0.0,0.0,Friday,January,2023
2023-01-19,38.68,38.74,37.78,38.3,274083.0,IBEX,-0.38000000000000256,-0.982,Thursday,January,2023
2023-01-18,38.56,38.98,38.48,38.68,243864.0,IBEX,0.11999999999999744,0.311,Wednesday,January,2023
2023-01-17,38.22,38.78,37.98,38.78,295153.0,IBEX,0.5600000000000023,1.465,Tuesday,January,2023
2023-01-16,37.92,38.48,37.68,37.84,226230.0,IBEX,-0.0799999999999983,-0.211,Monday,January,2023
2023-01-13,37.32,37.92,37.16,37.72,288254.0,IBEX,0.3999999999999986,1.072,Friday,January,2023
2023-01-12,37.14,37.96,37.06,37.44,320089.0,IBEX,0.29999999999999716,0.808,Thursday,January,2023
2023-01-11,36.14,37.18,35.76,36.96,364137.0,IBEX,0.8200000000000003,2.269,Wednesday,January,2023
2023-01-10,35.2,36.2,35.2,36.04,277999.0,IBEX,0.8399999999999963,2.386,Tuesday,January,2023
2023-01-09,35.48,35.92,35.24,35.46,329620.0,IBEX,-0.01999999999999602,-0.056,Monday,January,2023
2023-01-06,34.7,35.44,34.58,35.3,249864.0,IBEX,0.5999999999999943,1.729,Friday,January,2023
2023-01-05,35.24,35.5,34.56,34.66,340635.0,IBEX,-0.5800000000000054,-1.646,Thursday,January,2023
2023-01-04,35.9,35.96,35.24,35.24,292043.0,IBEX,-0.6599999999999966,-1.838,Wednesday,January,2023
2023-01-03,36.12,36.64,35.62,35.74,268423.0,IBEX,-0.37999999999999545,-1.052,Tuesday,January,2023
2023-01-02,36.36,36.36,35.48,35.98,179917.0,IBEX,-0.38000000000000256,-1.045,Monday,January,2023
2022-12-30,36.12,36.32,35.9,36.14,199624.0,IBEX,0.020000000000003126,0.055,Friday,December,2022
2022-12-29,36.36,36.6,35.52,36.24,174102.0,IBEX,-0.11999999999999744,-0.33,Thursday,December,2022
2022-12-28,35.94,36.1,35.6,35.74,170319.0,IBEX,-0.19999999999999574,-0.556,Wednesday,December,2022
2022-12-27,36.38,36.6,35.94,35.96,119032.0,IBEX,-0.4200000000000017,-1.154,Tuesday,December,2022
2022-12-23,37.18,37.18,36.02,36.24,199662.0,IBEX,-0.9399999999999977,-2.528,Friday,December,2022
2022-12-22,37.34,37.48,36.8,36.82,206712.0,IBEX,-0.5200000000000031,-1.393,Thursday,December,2022
2022-12-21,36.8,37.36,36.8,37.22,250765.0,IBEX,0.4200000000000017,1.141,Wednesday,December,2022
2022-12-20,36.98,37.14,36.56,36.62,238239.0,IBEX,-0.35999999999999943,-0.973,Tuesday,December,2022
2022-12-19,36.88,37.34,36.68,37.26,145538.0,IBEX,0.37999999999999545,1.03,Monday,December,2022
2022-12-16,36.98,37.34,36.48,36.8,430497.0,IBEX,-0.17999999999999972,-0.487,Friday,December,2022
2022-12-15,37.42,37.66,36.82,37.02,330567.0,IBEX,-0.3999999999999986,-1.069,Thursday,December,2022
2022-12-14,37.0,37.46,36.84,37.42,300722.0,IBEX,0.4200000000000017,1.135,Wednesday,December,2022
2022-12-13,37.28,37.72,36.02,37.04,378800.0,IBEX,-0.240000000000002,-0.644,Tuesday,December,2022
2022-12-12,36.32,37.5,36.32,37.22,295558.0,IBEX,0.8999999999999986,2.478,Monday,December,2022
2022-12-09,36.44,36.54,35.96,36.46,238768.0,IBEX,0.020000000000003126,0.055,Friday,December,2022
2022-12-08,37.34,37.36,36.4,36.42,349175.0,IBEX,-0.9200000000000017,-2.464,Thursday,December,2022
2022-12-07,37.2,37.62,37.06,37.36,189791.0,IBEX,0.1599999999999966,0.43,Wednesday,December,2022
2022-12-06,37.3,37.58,37.14,37.32,199576.0,IBEX,0.020000000000003126,0.054,Tuesday,December,2022
2022-12-05,37.06,37.36,36.82,37.28,299737.0,IBEX,0.21999999999999886,0.594,Monday,December,2022
2022-12-02,37.2,37.66,36.8,37.18,340966.0,IBEX,-0.020000000000003126,-0.054,Friday,December,2022
2022-12-01,38.14,38.56,37.78,37.94,390256.0,IBEX,-0.20000000000000284,-0.524,Thursday,December,2022
2022-11-30,36.08,37.86,36.08,37.86,6577150.0,IBEX,1.7800000000000011,4.933,Wednesday,November,2022
2022-11-29,36.32,36.64,35.34,35.72,375842.0,IBEX,-0.6000000000000014,-1.652,Tuesday,November,2022
2022-11-28,37.9,37.96,36.96,37.02,258805.0,IBEX,-0.8799999999999955,-2.322,Monday,November,2022
2022-11-25,37.84,38.04,37.56,37.78,200161.0,IBEX,-0.060000000000002274,-0.159,Friday,November,2022
2022-11-24,37.76,38.22,37.76,37.98,161032.0,IBEX,0.21999999999999886,0.583,Thursday,November,2022
2022-11-23,37.68,37.92,37.02,37.76,231453.0,IBEX,0.0799999999999983,0.212,Wednesday,November,2022
2022-11-22,37.34,37.78,37.22,37.46,275939.0,IBEX,0.11999999999999744,0.321,Tuesday,November,2022
2022-11-21,37.92,38.06,37.1,37.22,292002.0,IBEX,-0.7000000000000028,-1.846,Monday,November,2022
2022-11-18,38.68,38.74,37.38,38.0,285199.0,IBEX,-0.6799999999999997,-1.758,Friday,November,2022
2022-11-17,38.44,38.7,37.94,38.36,218463.0,IBEX,-0.0799999999999983,-0.208,Thursday,November,2022
2022-11-16,39.42,39.58,38.32,38.44,218906.0,IBEX,-0.980000000000004,-2.486,Wednesday,November,2022
2022-11-15,38.9,39.4,38.22,38.9,309422.0,IBEX,0.0,0.0,Tuesday,November,2022
2022-11-14,39.18,39.34,38.24,38.5,310273.0,IBEX,-0.6799999999999997,-1.736,Monday,November,2022
2022-11-11,41.5,41.68,38.58,39.24,329075.0,IBEX,-2.259999999999998,-5.446,Friday,November,2022
2022-11-10,40.04,41.46,39.26,41.24,542602.0,IBEX,1.2000000000000028,2.997,Thursday,November,2022
2022-11-09,39.72,40.28,39.38,39.5,640854.0,IBEX,-0.21999999999999886,-0.554,Wednesday,November,2022
2022-11-08,39.2,40.28,38.52,39.96,164194.0,IBEX,0.759999999999998,1.939,Tuesday,November,2022
2022-11-07,39.46,40.54,39.46,39.92,126678.0,IBEX,0.46000000000000085,1.166,Monday,November,2022
2022-11-04,41.14,41.3,39.66,39.9,225343.0,IBEX,-1.240000000000002,-3.014,Friday,November,2022
2022-11-03,40.74,41.0,40.28,40.92,201198.0,IBEX,0.17999999999999972,0.442,Thursday,November,2022
2022-11-02,40.56,40.96,40.0,40.82,201506.0,IBEX,0.259999999999998,0.641,Wednesday,November,2022
2022-11-01,40.06,40.98,40.06,40.48,161955.0,IBEX,0.4199999999999946,1.048,Tuesday,November,2022
2022-10-31,39.14,39.88,39.14,39.76,147756.0,IBEX,0.6199999999999974,1.584,Monday,October,2022
2022-10-28,39.3,39.5,38.92,39.44,198970.0,IBEX,0.14000000000000057,0.356,Friday,October,2022
2022-10-27,38.82,39.56,38.34,39.32,173056.0,IBEX,0.5,1.288,Thursday,October,2022
2022-10-26,37.96,38.92,37.68,38.88,219674.0,IBEX,0.9200000000000017,2.424,Wednesday,October,2022
2022-10-25,37.1,38.14,37.1,37.92,166571.0,IBEX,0.8200000000000003,2.21,Tuesday,October,2022
2022-10-24,36.46,37.78,36.4,37.18,176052.0,IBEX,0.7199999999999989,1.975,Monday,October,2022
2022-10-21,36.5,36.64,36.08,36.3,492981.0,IBEX,-0.20000000000000284,-0.548,Friday,October,2022
2022-10-20,36.76,36.78,36.22,36.76,187925.0,IBEX,0.0,0.0,Thursday,October,2022
2022-10-19,37.08,37.08,36.2,36.7,190867.0,IBEX,-0.37999999999999545,-1.025,Wednesday,October,2022
2022-10-18,37.32,37.32,36.18,37.0,284445.0,IBEX,-0.3200000000000003,-0.857,Tuesday,October,2022
2022-10-17,36.78,37.2,36.18,37.16,282236.0,IBEX,0.37999999999999545,1.033,Monday,October,2022
2022-10-14,37.76,38.18,36.3,36.48,411915.0,IBEX,-1.2800000000000011,-3.39,Friday,October,2022
2022-10-13,36.76,36.76,35.8,36.7,334200.0,IBEX,-0.05999999999999517,-0.163,Thursday,October,2022
2022-10-12,38.62,38.62,36.38,36.86,341429.0,IBEX,-1.759999999999998,-4.557,Wednesday,October,2022
2022-10-11,39.18,39.48,37.82,38.66,218766.0,IBEX,-0.5200000000000031,-1.327,Tuesday,October,2022
2022-10-10,38.82,39.44,38.14,39.38,217889.0,IBEX,0.5600000000000023,1.443,Monday,October,2022
2022-10-07,40.0,40.6,39.44,39.82,190996.0,IBEX,-0.17999999999999972,-0.45,Friday,October,2022
2022-10-06,40.04,40.16,39.48,39.96,200770.0,IBEX,-0.0799999999999983,-0.2,Thursday,October,2022
2022-10-05,39.84,40.4,39.38,39.82,240531.0,IBEX,-0.020000000000003126,-0.05,Wednesday,October,2022
2022-10-04,39.76,40.3,39.5,40.14,273026.0,IBEX,0.38000000000000256,0.956,Tuesday,October,2022
2022-10-03,38.0,39.24,37.94,38.98,195909.0,IBEX,0.9799999999999969,2.579,Monday,October,2022
2022-09-30,39.02,39.06,38.2,38.36,371860.0,IBEX,-0.6600000000000037,-1.691,Friday,September,2022
2022-09-29,39.36,39.66,37.9,38.26,228538.0,IBEX,-1.1000000000000014,-2.795,Thursday,September,2022
2022-09-28,39.24,39.74,38.64,39.34,305612.0,IBEX,0.10000000000000142,0.255,Wednesday,September,2022
2022-09-27,38.74,39.7,38.58,39.3,363665.0,IBEX,0.5599999999999952,1.446,Tuesday,September,2022
2022-09-26,39.84,39.84,38.02,38.56,228230.0,IBEX,-1.2800000000000011,-3.213,Monday,September,2022
2022-09-23,39.4,39.74,38.02,39.38,474404.0,IBEX,-0.01999999999999602,-0.051,Friday,September,2022
2022-09-22,41.22,41.22,40.0,40.18,196592.0,IBEX,-1.0399999999999991,-2.523,Thursday,September,2022
2022-09-21,40.36,41.54,40.12,41.54,189514.0,IBEX,1.1799999999999997,2.924,Wednesday,September,2022
2022-09-20,40.34,41.38,40.32,40.42,262384.0,IBEX,0.0799999999999983,0.198,Tuesday,September,2022
2022-09-19,41.86,42.34,40.28,41.22,189963.0,IBEX,-0.6400000000000006,-1.529,Monday,September,2022
2022-09-16,41.98,42.4,41.3,41.96,921337.0,IBEX,-0.01999999999999602,-0.048,Friday,September,2022
2022-09-15,41.3,42.04,41.26,41.62,185478.0,IBEX,0.3200000000000003,0.775,Thursday,September,2022
2022-09-14,41.02,42.0,40.9,41.54,227786.0,IBEX,0.519999999999996,1.268,Wednesday,September,2022
2022-09-13,41.6,42.22,41.16,41.32,254714.0,IBEX,-0.28000000000000114,-0.673,Tuesday,September,2022
2022-09-12,42.32,42.34,40.94,41.5,269587.0,IBEX,-0.8200000000000003,-1.938,Monday,September,2022
2022-09-09,42.5,43.04,41.44,42.18,246875.0,IBEX,-0.3200000000000003,-0.753,Friday,September,2022
2022-09-08,42.14,42.7,41.46,42.66,391404.0,IBEX,0.519999999999996,1.234,Thursday,September,2022
2022-09-07,39.68,42.2,39.4,41.56,314756.0,IBEX,1.8800000000000026,4.738,Wednesday,September,2022
2022-09-06,39.34,40.46,39.34,39.82,163210.0,IBEX,0.4799999999999969,1.22,Tuesday,September,2022
2022-09-05,39.3,40.36,38.8,40.0,207838.0,IBEX,0.7000000000000028,1.781,Monday,September,2022
2022-09-02,42.24,42.24,39.92,40.52,220459.0,IBEX,-1.7199999999999989,-4.072,Friday,September,2022
2022-09-01,41.6,42.66,41.28,41.8,289784.0,IBEX,0.19999999999999574,0.481,Thursday,September,2022
2022-08-31,42.72,42.72,41.36,41.44,234558.0,IBEX,-1.2800000000000011,-2.996,Wednesday,August,2022
2022-08-30,41.74,42.8,41.5,41.62,201908.0,IBEX,-0.12000000000000455,-0.287,Tuesday,August,2022
2022-08-29,43.12,43.12,41.94,42.08,161949.0,IBEX,-1.0399999999999991,-2.412,Monday,August,2022
2022-08-26,44.16,44.2,43.4,43.5,213361.0,IBEX,-0.6599999999999966,-1.495,Friday,August,2022
2022-08-25,43.28,43.98,43.28,43.48,211000.0,IBEX,0.19999999999999574,0.462,Thursday,August,2022
2022-08-24,42.7,43.62,42.34,43.2,204072.0,IBEX,0.5,1.171,Wednesday,August,2022
2022-08-23,42.5,42.76,42.22,42.44,117998.0,IBEX,-0.060000000000002274,-0.141,Tuesday,August,2022
2022-08-22,42.0,42.94,41.8,42.88,128051.0,IBEX,0.8800000000000026,2.095,Monday,August,2022
2022-08-19,42.7,42.8,42.28,42.4,119266.0,IBEX,-0.30000000000000426,-0.703,Friday,August,2022
2022-08-18,42.5,42.7,42.24,42.6,146474.0,IBEX,0.10000000000000142,0.235,Thursday,August,2022
2022-08-17,42.6,42.68,42.28,42.58,121392.0,IBEX,-0.020000000000003126,-0.047,Wednesday,August,2022
2022-08-16,42.0,42.4,41.64,42.24,162921.0,IBEX,0.240000000000002,0.571,Tuesday,August,2022
2022-08-15,41.46,42.02,41.42,41.68,198352.0,IBEX,0.21999999999999886,0.531,Monday,August,2022
2022-08-12,41.26,41.88,40.92,41.1,193100.0,IBEX,-0.1599999999999966,-0.388,Friday,August,2022
2022-08-11,41.26,41.84,40.92,41.16,292253.0,IBEX,-0.10000000000000142,-0.242,Thursday,August,2022
2022-08-10,41.5,41.74,41.32,41.46,152520.0,IBEX,-0.03999999999999915,-0.096,Wednesday,August,2022
2022-08-09,41.92,41.92,41.14,41.46,202481.0,IBEX,-0.46000000000000085,-1.097,Tuesday,August,2022
2022-08-08,42.02,42.22,41.6,41.7,201222.0,IBEX,-0.3200000000000003,-0.762,Monday,August,2022
2022-08-05,42.2,42.28,41.44,41.64,249227.0,IBEX,-0.5600000000000023,-1.327,Friday,August,2022
2022-08-04,42.4,43.06,42.0,42.16,163069.0,IBEX,-0.240000000000002,-0.566,Thursday,August,2022
2022-08-03,43.16,43.92,43.16,43.68,171766.0,IBEX,0.5200000000000031,1.205,Wednesday,August,2022
2022-08-02,42.76,43.54,42.36,43.3,167939.0,IBEX,0.5399999999999991,1.263,Tuesday,August,2022
2022-08-01,43.0,43.44,42.58,42.84,183887.0,IBEX,-0.1599999999999966,-0.372,Monday,August,2022
2022-07-29,42.5,43.74,42.08,42.74,313496.0,IBEX,0.240000000000002,0.565,Friday,July,2022
2022-07-28,42.6,42.74,39.16,42.34,423526.0,IBEX,-0.259999999999998,-0.61,Thursday,July,2022
2022-07-27,41.3,41.92,40.84,41.8,227013.0,IBEX,0.5,1.211,Wednesday,July,2022
2022-07-26,40.0,41.3,39.92,40.94,242653.0,IBEX,0.9399999999999977,2.35,Tuesday,July,2022
2022-07-25,39.08,39.84,38.9,39.68,148100.0,IBEX,0.6000000000000014,1.535,Monday,July,2022
2022-07-22,38.96,39.58,38.34,39.46,178358.0,IBEX,0.5,1.283,Friday,July,2022
2022-07-21,38.22,39.18,38.22,38.5,229948.0,IBEX,0.28000000000000114,0.733,Thursday,July,2022
2022-07-20,39.02,39.32,38.32,38.98,158915.0,IBEX,-0.04000000000000625,-0.103,Wednesday,July,2022
2022-07-19,39.9,40.1,39.06,39.32,425951.0,IBEX,-0.5799999999999983,-1.454,Tuesday,July,2022
2022-07-18,39.5,40.28,38.94,39.86,175892.0,IBEX,0.35999999999999943,0.911,Monday,July,2022
2022-07-15,37.7,39.12,37.66,38.84,559417.0,IBEX,1.1400000000000006,3.024,Friday,July,2022
2022-07-14,39.06,39.32,37.4,37.5,267216.0,IBEX,-1.5600000000000023,-3.994,Thursday,July,2022
2022-07-13,39.0,39.34,38.78,38.98,284734.0,IBEX,-0.020000000000003126,-0.051,Wednesday,July,2022
2022-07-12,40.0,40.18,38.96,39.36,155510.0,IBEX,-0.6400000000000006,-1.6,Tuesday,July,2022
2022-07-11,39.6,40.42,39.58,39.78,180229.0,IBEX,0.17999999999999972,0.455,Monday,July,2022
2022-07-08,39.2,39.82,39.18,39.6,234054.0,IBEX,0.3999999999999986,1.02,Friday,July,2022
2022-07-07,38.38,39.2,38.32,39.12,234996.0,IBEX,0.7399999999999949,1.928,Thursday,July,2022
2022-07-06,38.38,38.6,37.78,38.26,231502.0,IBEX,-0.12000000000000455,-0.313,Wednesday,July,2022
2022-07-05,38.4,38.4,37.64,37.64,225705.0,IBEX,-0.759999999999998,-1.979,Tuesday,July,2022
2022-07-04,38.08,38.34,37.84,38.0,226649.0,IBEX,-0.0799999999999983,-0.21,Monday,July,2022
2022-07-01,36.84,37.8,36.42,37.58,218127.0,IBEX,0.7399999999999949,2.009,Friday,July,2022
2022-06-30,35.78,36.84,35.38,36.78,197863.0,IBEX,1.0,2.795,Thursday,June,2022
2022-06-29,36.86,36.86,35.46,35.82,181587.0,IBEX,-1.0399999999999991,-2.821,Wednesday,June,2022
2022-06-28,35.74,36.68,35.74,36.56,244103.0,IBEX,0.8200000000000003,2.294,Tuesday,June,2022
2022-06-27,35.1,35.96,35.06,35.86,207435.0,IBEX,0.759999999999998,2.165,Monday,June,2022
2022-06-24,35.34,35.62,34.46,35.48,187320.0,IBEX,0.13999999999999346,0.396,Friday,June,2022
2022-06-23,34.4,34.46,33.16,34.1,169420.0,IBEX,-0.29999999999999716,-0.872,Thursday,June,2022
2022-06-22,34.28,34.34,33.38,33.74,192730.0,IBEX,-0.5399999999999991,-1.575,Wednesday,June,2022
2022-06-21,35.4,35.4,34.56,34.62,224545.0,IBEX,-0.7800000000000011,-2.203,Tuesday,June,2022
2022-06-20,35.3,35.66,35.0,35.38,180355.0,IBEX,0.0800000000000054,0.227,Monday,June,2022
2022-06-17,34.0,35.3,34.0,34.66,1352055.0,IBEX,0.6599999999999966,1.941,Friday,June,2022
2022-06-16,36.0,36.0,34.28,34.28,117517.0,IBEX,-1.7199999999999989,-4.778,Thursday,June,2022
2022-06-15,34.44,35.28,33.98,34.56,271478.0,IBEX,0.12000000000000455,0.348,Wednesday,June,2022
2022-06-14,35.52,35.94,34.4,34.72,110641.0,IBEX,-0.8000000000000043,-2.252,Tuesday,June,2022
2022-06-13,35.5,36.0,35.0,35.32,95739.0,IBEX,-0.17999999999999972,-0.507,Monday,June,2022
2022-06-10,37.48,37.48,35.52,35.94,353580.0,IBEX,-1.5399999999999991,-4.109,Friday,June,2022
2022-06-09,38.04,38.88,37.02,37.26,241916.0,IBEX,-0.7800000000000011,-2.05,Thursday,June,2022
2022-06-08,38.42,38.58,37.9,38.52,201700.0,IBEX,0.10000000000000142,0.26,Wednesday,June,2022
2022-06-07,37.78,38.34,37.46,38.16,162767.0,IBEX,0.37999999999999545,1.006,Tuesday,June,2022
2022-06-06,37.56,37.6,37.0,37.54,64484.0,IBEX,-0.020000000000003126,-0.053,Monday,June,2022
2022-06-03,37.3,37.58,37.08,37.28,98779.0,IBEX,-0.01999999999999602,-0.054,Friday,June,2022
2022-06-02,35.62,37.36,35.62,36.72,143317.0,IBEX,1.1000000000000014,3.088,Thursday,June,2022
2022-06-01,36.78,36.78,35.88,36.04,110304.0,IBEX,-0.740000000000002,-2.012,Wednesday,June,2022
2022-05-31,36.4,36.9,36.24,36.38,135107.0,IBEX,-0.01999999999999602,-0.055,Tuesday,May,2022
2022-05-30,36.32,36.9,36.14,36.6,65426.0,IBEX,0.28000000000000114,0.771,Monday,May,2022
2022-05-27,36.88,37.0,36.5,36.68,143405.0,IBEX,-0.20000000000000284,-0.542,Friday,May,2022
2022-05-26,36.88,37.56,36.68,36.88,95482.0,IBEX,0.0,0.0,Thursday,May,2022
2022-05-25,37.14,37.88,36.02,36.9,298767.0,IBEX,-0.240000000000002,-0.646,Wednesday,May,2022
2022-05-24,37.78,37.78,36.66,37.2,92756.0,IBEX,-0.5799999999999983,-1.535,Tuesday,May,2022
2022-05-23,37.28,37.54,36.5,37.16,146695.0,IBEX,-0.12000000000000455,-0.322,Monday,May,2022
2022-05-20,36.9,37.74,36.9,37.42,179337.0,IBEX,0.5200000000000031,1.409,Friday,May,2022
2022-05-19,35.66,36.84,35.16,36.7,268112.0,IBEX,1.0400000000000063,2.916,Thursday,May,2022
2022-05-18,34.94,36.22,34.5,35.54,278521.0,IBEX,0.6000000000000014,1.717,Wednesday,May,2022
2022-05-17,34.98,34.98,33.92,34.48,134384.0,IBEX,-0.5,-1.429,Tuesday,May,2022
2022-05-16,34.2,34.48,33.92,34.16,104823.0,IBEX,-0.04000000000000625,-0.117,Monday,May,2022
2022-05-13,32.58,34.18,32.58,33.88,108414.0,IBEX,1.3000000000000043,3.99,Friday,May,2022
2022-05-12,33.84,33.9,32.5,32.96,156281.0,IBEX,-0.8800000000000026,-2.6,Thursday,May,2022
2022-05-11,34.86,34.86,32.74,34.06,120201.0,IBEX,-0.7999999999999972,-2.295,Wednesday,May,2022
2022-05-10,33.2,33.5,32.34,32.94,91317.0,IBEX,-0.2600000000000051,-0.783,Tuesday,May,2022
2022-05-09,33.5,33.78,32.54,32.78,125637.0,IBEX,-0.7199999999999989,-2.149,Monday,May,2022
2022-05-06,33.0,34.08,32.76,34.0,178888.0,IBEX,1.0,3.03,Friday,May,2022
2022-05-05,34.76,34.84,33.7,33.82,98581.0,IBEX,-0.9399999999999977,-2.704,Thursday,May,2022
2022-05-04,34.0,34.56,33.54,34.16,99050.0,IBEX,0.1599999999999966,0.471,Wednesday,May,2022
2022-05-03,34.78,34.78,33.5,34.02,129432.0,IBEX,-0.759999999999998,-2.185,Tuesday,May,2022
2022-05-02,35.4,35.58,34.0,34.46,137609.0,IBEX,-0.9399999999999977,-2.655,Monday,May,2022
2022-04-29,35.06,35.44,34.6,35.38,134367.0,IBEX,0.3200000000000003,0.913,Friday,April,2022
2022-04-28,34.8,35.26,34.34,35.02,93901.0,IBEX,0.22000000000000597,0.632,Thursday,April,2022
2022-04-27,34.38,34.38,33.58,34.38,135473.0,IBEX,0.0,0.0,Wednesday,April,2022
2022-04-26,34.66,34.7,33.62,33.9,140633.0,IBEX,-0.759999999999998,-2.193,Tuesday,April,2022
2022-04-25,34.04,35.08,34.04,34.6,161408.0,IBEX,0.5600000000000023,1.645,Monday,April,2022
2022-04-22,34.06,35.52,34.06,34.4,1282259.0,IBEX,0.3399999999999963,0.998,Friday,April,2022
2022-04-21,34.9,35.24,34.56,34.9,223343.0,IBEX,0.0,0.0,Thursday,April,2022
2022-04-20,35.06,35.1,34.28,34.82,171479.0,IBEX,-0.240000000000002,-0.685,Wednesday,April,2022
2022-04-19,34.86,34.92,33.96,34.34,158753.0,IBEX,-0.519999999999996,-1.492,Tuesday,April,2022
2022-04-14,36.3,36.3,35.0,35.12,255957.0,IBEX,-1.1799999999999997,-3.251,Thursday,April,2022
2022-04-13,35.18,36.2,34.9,35.8,250739.0,IBEX,0.6199999999999974,1.762,Wednesday,April,2022
2022-04-12,34.84,35.06,34.28,34.7,180977.0,IBEX,-0.14000000000000057,-0.402,Tuesday,April,2022
2022-04-11,35.82,37.0,34.32,34.62,324057.0,IBEX,-1.2000000000000028,-3.35,Monday,April,2022
2022-04-08,36.0,36.0,34.84,35.16,216429.0,IBEX,-0.8400000000000034,-2.333,Friday,April,2022
2022-04-07,35.78,36.9,35.04,35.32,701908.0,IBEX,-0.46000000000000085,-1.286,Thursday,April,2022
2022-04-06,34.2,36.0,34.16,36.0,250844.0,IBEX,1.7999999999999972,5.263,Wednesday,April,2022
2022-04-05,34.44,35.72,34.22,34.84,194260.0,IBEX,0.4000000000000057,1.161,Tuesday,April,2022
2022-04-04,33.66,34.3,33.18,34.26,137703.0,IBEX,0.6000000000000014,1.783,Monday,April,2022
2022-04-01,33.0,33.56,32.84,33.16,130479.0,IBEX,0.1599999999999966,0.485,Friday,April,2022
2022-03-31,33.6,33.69,32.74,33.5,146623.0,IBEX,-0.10000000000000142,-0.298,Thursday,March,2022
2022-03-30,32.33,33.97,32.33,33.7,215741.0,IBEX,1.3700000000000045,4.238,Wednesday,March,2022
2022-03-29,33.75,33.75,32.21,32.47,210468.0,IBEX,-1.2800000000000011,-3.793,Tuesday,March,2022
2022-03-28,32.85,33.81,32.7,33.46,267341.0,IBEX,0.6099999999999994,1.857,Monday,March,2022
2022-03-25,32.95,33.2,32.21,32.4,138721.0,IBEX,-0.5500000000000043,-1.669,Friday,March,2022
2022-03-24,32.0,32.74,31.94,32.72,225283.0,IBEX,0.7199999999999989,2.25,Thursday,March,2022
2022-03-23,33.5,33.5,31.68,31.78,170155.0,IBEX,-1.7199999999999989,-5.134,Wednesday,March,2022
2022-03-22,32.0,33.29,31.99,33.04,97320.0,IBEX,1.0399999999999991,3.25,Tuesday,March,2022
2022-03-21,33.21,33.31,32.0,32.0,137396.0,IBEX,-1.2100000000000009,-3.643,Monday,March,2022
2022-03-18,32.4,33.33,32.2,33.33,558362.0,IBEX,0.9299999999999997,2.87,Friday,March,2022
2022-03-17,32.6,32.72,31.88,32.4,67688.0,IBEX,-0.20000000000000284,-0.613,Thursday,March,2022
2022-03-16,32.0,32.53,31.5,31.89,85776.0,IBEX,-0.10999999999999943,-0.344,Wednesday,March,2022
2022-03-15,32.0,32.0,30.84,31.54,116679.0,IBEX,-0.46000000000000085,-1.438,Tuesday,March,2022
2022-03-14,32.38,32.44,30.93,31.55,173915.0,IBEX,-0.8300000000000018,-2.563,Monday,March,2022
2022-03-11,31.9,33.42,31.68,32.38,274981.0,IBEX,0.480000000000004,1.505,Friday,March,2022
2022-03-10,31.66,32.5,31.17,32.0,434520.0,IBEX,0.33999999999999986,1.074,Thursday,March,2022
2022-03-09,30.9,31.94,30.52,31.66,512970.0,IBEX,0.7600000000000016,2.46,Wednesday,March,2022
2022-03-08,28.7,30.5,28.7,30.3,229298.0,IBEX,1.6000000000000014,5.575,Tuesday,March,2022
2022-03-07,27.98,29.64,27.0,28.99,214892.0,IBEX,1.009999999999998,3.61,Monday,March,2022
2022-03-04,28.01,28.69,27.33,27.78,289012.0,IBEX,-0.23000000000000043,-0.821,Friday,March,2022
2022-03-03,27.99,28.76,27.61,28.1,304406.0,IBEX,0.11000000000000298,0.393,Thursday,March,2022
2022-03-02,29.8,29.8,27.5,27.76,306011.0,IBEX,-2.039999999999999,-6.846,Wednesday,March,2022
2022-03-01,30.13,30.68,28.61,28.69,171257.0,IBEX,-1.4399999999999977,-4.779,Tuesday,March,2022
2022-02-28,29.86,30.62,29.12,30.12,462103.0,IBEX,0.26000000000000156,0.871,Monday,February,2022
2022-02-25,29.8,30.0,28.3,29.54,257617.0,IBEX,-0.26000000000000156,-0.872,Friday,February,2022
2022-02-24,26.0,31.32,26.0,29.79,604362.0,IBEX,3.789999999999999,14.577,Thursday,February,2022
2022-02-23,27.44,28.08,27.11,27.32,126783.0,IBEX,-0.120000000000001,-0.437,Wednesday,February,2022
2022-02-22,26.54,28.09,26.0,27.0,121114.0,IBEX,0.46000000000000085,1.733,Tuesday,February,2022
2022-02-21,27.77,27.78,27.13,27.33,164480.0,IBEX,-0.4400000000000013,-1.584,Monday,February,2022
2022-02-18,27.57,27.79,27.36,27.4,85729.0,IBEX,-0.1700000000000017,-0.617,Friday,February,2022
2022-02-17,27.35,27.85,27.3,27.6,59374.0,IBEX,0.25,0.914,Thursday,February,2022
2022-02-16,27.8,28.06,27.14,27.33,76504.0,IBEX,-0.4700000000000024,-1.691,Wednesday,February,2022
2022-02-15,26.85,27.75,26.35,27.75,172561.0,IBEX,0.8999999999999986,3.352,Tuesday,February,2022
2022-02-14,26.5,26.88,26.11,26.33,96176.0,IBEX,-0.1700000000000017,-0.642,Monday,February,2022
2022-02-11,26.8,27.4,26.5,27.18,167242.0,IBEX,0.379999999999999,1.418,Friday,February,2022
2022-02-10,28.01,28.16,26.93,26.93,137768.0,IBEX,-1.0800000000000018,-3.856,Thursday,February,2022
2022-02-09,27.54,28.31,27.42,28.17,82037.0,IBEX,0.6300000000000026,2.288,Wednesday,February,2022
2022-02-08,28.4,28.57,26.75,27.28,368144.0,IBEX,-1.1199999999999974,-3.944,Tuesday,February,2022
2022-02-07,28.4,28.83,28.21,28.43,111997.0,IBEX,0.030000000000001137,0.106,Monday,February,2022
2022-02-04,28.15,28.49,27.84,28.12,125141.0,IBEX,-0.029999999999997584,-0.107,Friday,February,2022
2022-02-03,28.59,28.81,28.01,28.35,113132.0,IBEX,-0.23999999999999844,-0.839,Thursday,February,2022
2022-02-02,28.46,29.02,27.89,28.59,140061.0,IBEX,0.129999999999999,0.457,Wednesday,February,2022
2022-02-01,26.98,28.49,26.98,27.86,306051.0,IBEX,0.879999999999999,3.262,Tuesday,February,2022
2022-01-31,27.6,27.84,26.86,27.09,164168.0,IBEX,-0.5100000000000016,-1.848,Monday,January,2022
2022-01-28,27.5,27.61,26.75,26.86,394823.0,IBEX,-0.6400000000000006,-2.327,Friday,January,2022
2022-01-27,28.01,28.2,27.52,27.62,124007.0,IBEX,-0.39000000000000057,-1.392,Thursday,January,2022
2022-01-26,27.8,28.64,27.51,28.23,141717.0,IBEX,0.4299999999999997,1.547,Wednesday,January,2022
2022-01-25,27.8,28.12,27.4,27.46,230108.0,IBEX,-0.33999999999999986,-1.223,Tuesday,January,2022
2022-01-24,28.25,28.47,27.66,27.74,116357.0,IBEX,-0.5100000000000016,-1.805,Monday,January,2022
2022-01-21,29.0,29.19,28.51,28.51,123962.0,IBEX,-0.48999999999999844,-1.69,Friday,January,2022
2022-01-20,28.95,29.39,28.7,29.08,75903.0,IBEX,0.129999999999999,0.449,Thursday,January,2022
2022-01-19,28.56,28.89,28.34,28.77,142597.0,IBEX,0.21000000000000085,0.735,Wednesday,January,2022
2022-01-18,29.0,29.0,28.02,28.65,118715.0,IBEX,-0.3500000000000014,-1.207,Tuesday,January,2022
2022-01-17,29.0,29.26,28.7,28.72,108170.0,IBEX,-0.28000000000000114,-0.966,Monday,January,2022
2022-01-14,29.38,29.38,28.64,28.64,85742.0,IBEX,-0.7399999999999984,-2.519,Friday,January,2022
2022-01-13,29.19,29.79,29.01,29.2,130191.0,IBEX,0.00999999999999801,0.034,Thursday,January,2022
2022-01-12,29.23,29.33,28.34,28.95,206250.0,IBEX,-0.28000000000000114,-0.958,Wednesday,January,2022
2022-01-11,29.6,30.0,29.47,29.69,97491.0,IBEX,0.08999999999999986,0.304,Tuesday,January,2022
2022-01-10,29.8,29.9,29.23,29.25,84827.0,IBEX,-0.5500000000000007,-1.846,Monday,January,2022
2022-01-07,29.9,29.98,29.31,29.41,131743.0,IBEX,-0.48999999999999844,-1.639,Friday,January,2022
2022-01-06,30.6,30.6,29.27,29.9,153818.0,IBEX,-0.7000000000000028,-2.288,Thursday,January,2022
2022-01-05,31.77,31.77,30.34,30.45,246774.0,IBEX,-1.3200000000000003,-4.155,Wednesday,January,2022
2022-01-04,33.0,33.0,31.48,31.58,131004.0,IBEX,-1.4200000000000017,-4.303,Tuesday,January,2022
2022-01-03,32.58,33.05,32.04,32.04,120726.0,IBEX,-0.5399999999999991,-1.657,Monday,January,2022
2021-12-30,31.94,32.83,31.57,32.58,91885.0,IBEX,0.639999999999997,2.004,Thursday,December,2021
2021-12-29,32.0,32.15,31.27,31.52,66564.0,IBEX,-0.4800000000000004,-1.5,Wednesday,December,2021
2021-12-28,31.55,31.99,31.55,31.96,114356.0,IBEX,0.41000000000000014,1.3,Tuesday,December,2021
2021-12-27,31.16,31.89,31.16,31.35,67845.0,IBEX,0.19000000000000128,0.61,Monday,December,2021
2021-12-23,31.03,31.56,30.91,31.56,72666.0,IBEX,0.5299999999999976,1.708,Thursday,December,2021
2021-12-22,30.2,31.03,30.2,31.0,93685.0,IBEX,0.8000000000000007,2.649,Wednesday,December,2021
2021-12-21,30.99,31.3,30.68,30.97,101157.0,IBEX,-0.019999999999999574,-0.065,Tuesday,December,2021
2021-12-20,30.9,30.9,29.83,30.58,133704.0,IBEX,-0.3200000000000003,-1.036,Monday,December,2021
2021-12-17,31.67,31.7,30.13,30.26,1914029.0,IBEX,-1.4100000000000001,-4.452,Friday,December,2021
2021-12-16,31.0,32.22,31.0,31.67,144547.0,IBEX,0.6700000000000017,2.161,Thursday,December,2021
2021-12-15,31.5,31.5,30.5,31.22,121815.0,IBEX,-0.28000000000000114,-0.889,Wednesday,December,2021
2021-12-14,31.0,31.84,30.11,30.49,262615.0,IBEX,-0.5100000000000016,-1.645,Tuesday,December,2021
2021-12-13,30.5,30.97,30.09,30.9,210002.0,IBEX,0.3999999999999986,1.311,Monday,December,2021
2021-12-10,31.92,32.01,30.51,30.77,184787.0,IBEX,-1.1500000000000021,-3.603,Friday,December,2021
2021-12-09,31.8,32.05,31.14,32.05,86038.0,IBEX,0.24999999999999645,0.786,Thursday,December,2021
2021-12-08,31.05,31.83,31.05,31.28,60189.0,IBEX,0.23000000000000043,0.741,Wednesday,December,2021
2021-12-07,31.51,31.51,30.88,30.98,66833.0,IBEX,-0.5300000000000011,-1.682,Tuesday,December,2021
2021-12-06,29.91,31.83,29.91,30.85,93179.0,IBEX,0.9400000000000013,3.143,Monday,December,2021
2021-12-03,30.0,30.43,29.6,29.78,67378.0,IBEX,-0.21999999999999886,-0.733,Friday,December,2021
2021-12-02,30.25,30.72,29.71,29.71,144777.0,IBEX,-0.5399999999999991,-1.785,Thursday,December,2021
2021-12-01,30.37,30.9,30.25,30.79,164177.0,IBEX,0.41999999999999815,1.383,Wednesday,December,2021
2021-11-30,31.0,31.01,30.18,30.47,135822.0,IBEX,-0.5300000000000011,-1.71,Tuesday,November,2021
2021-11-29,30.27,31.55,30.27,30.7,133670.0,IBEX,0.4299999999999997,1.421,Monday,November,2021
2021-11-26,30.6,30.88,30.05,30.39,105857.0,IBEX,-0.21000000000000085,-0.686,Friday,November,2021
2021-11-25,31.0,31.78,30.8,31.5,143151.0,IBEX,0.5,1.613,Thursday,November,2021
2021-11-24,31.58,31.58,30.84,31.25,100695.0,IBEX,-0.3299999999999983,-1.045,Wednesday,November,2021
2021-11-23,31.05,31.74,30.51,31.21,132512.0,IBEX,0.16000000000000014,0.515,Tuesday,November,2021
2021-11-22,31.54,31.54,30.77,31.2,159017.0,IBEX,-0.33999999999999986,-1.078,Monday,November,2021
2021-11-19,31.4,31.81,30.81,31.0,104020.0,IBEX,-0.3999999999999986,-1.274,Friday,November,2021
2021-11-18,31.6,31.6,30.76,31.11,81125.0,IBEX,-0.490000000000002,-1.551,Thursday,November,2021
2021-11-17,32.04,32.28,31.43,31.66,173545.0,IBEX,-0.379999999999999,-1.186,Wednesday,November,2021
2021-11-16,31.5,32.64,31.02,32.16,412623.0,IBEX,0.6599999999999966,2.095,Tuesday,November,2021
2021-11-15,30.39,31.4,30.39,31.15,95170.0,IBEX,0.759999999999998,2.501,Monday,November,2021
2021-11-12,30.4,31.1,30.34,30.96,102125.0,IBEX,0.5600000000000023,1.842,Friday,November,2021
2021-11-11,29.62,30.74,29.62,30.38,75200.0,IBEX,0.759999999999998,2.566,Thursday,November,2021
2021-11-10,30.1,30.87,29.55,30.2,127319.0,IBEX,0.09999999999999787,0.332,Wednesday,November,2021
2021-11-09,30.2,30.2,29.56,29.65,53466.0,IBEX,-0.5500000000000007,-1.821,Tuesday,November,2021
2021-11-08,29.55,30.17,29.5,29.72,84302.0,IBEX,0.16999999999999815,0.575,Monday,November,2021
2021-11-05,30.15,30.6,29.45,29.64,70410.0,IBEX,-0.509999999999998,-1.692,Friday,November,2021
2021-11-04,30.0,30.74,29.52,30.31,125550.0,IBEX,0.3099999999999987,1.033,Thursday,November,2021
2021-11-03,30.34,30.98,28.69,29.86,161331.0,IBEX,-0.4800000000000004,-1.582,Wednesday,November,2021
2021-11-02,31.0,31.0,30.21,30.45,68990.0,IBEX,-0.5500000000000007,-1.774,Tuesday,November,2021
2021-11-01,31.0,31.0,30.51,30.78,66887.0,IBEX,-0.21999999999999886,-0.71,Monday,November,2021
2021-10-29,30.8,30.99,30.23,30.23,55693.0,IBEX,-0.5700000000000003,-1.851,Friday,October,2021
2021-10-28,30.58,31.28,30.4,30.87,83471.0,IBEX,0.2900000000000027,0.948,Thursday,October,2021
2021-10-27,30.4,31.44,29.95,30.44,195851.0,IBEX,0.0400000000000027,0.132,Wednesday,October,2021
2021-10-26,30.0,31.35,29.9,30.46,136215.0,IBEX,0.46000000000000085,1.533,Tuesday,October,2021
2021-10-25,29.05,30.29,29.05,30.0,107180.0,IBEX,0.9499999999999993,3.27,Monday,October,2021
2021-10-22,30.3,30.4,29.81,29.96,54953.0,IBEX,-0.33999999999999986,-1.122,Friday,October,2021
2021-10-21,30.05,30.3,29.82,30.18,121308.0,IBEX,0.129999999999999,0.433,Thursday,October,2021
2021-10-20,29.55,30.3,29.02,29.98,164622.0,IBEX,0.4299999999999997,1.455,Wednesday,October,2021
2021-10-19,29.15,29.25,28.29,29.25,193300.0,IBEX,0.10000000000000142,0.343,Tuesday,October,2021
2021-10-18,29.79,30.2,28.62,28.78,149728.0,IBEX,-1.009999999999998,-3.39,Monday,October,2021
2021-10-15,28.45,30.0,28.45,29.79,218201.0,IBEX,1.3399999999999999,4.71,Friday,October,2021
2021-10-14,28.42,29.77,28.42,28.92,156734.0,IBEX,0.5,1.759,Thursday,October,2021
2021-10-13,28.05,29.34,28.05,29.09,82761.0,IBEX,1.0399999999999991,3.708,Wednesday,October,2021
2021-10-12,27.59,28.71,27.31,28.71,85869.0,IBEX,1.120000000000001,4.059,Tuesday,October,2021
2021-10-11,27.5,27.69,27.09,27.6,46016.0,IBEX,0.10000000000000142,0.364,Monday,October,2021
2021-10-08,28.47,28.47,27.11,27.44,89021.0,IBEX,-1.0299999999999976,-3.618,Friday,October,2021
2021-10-07,27.0,28.26,27.0,27.93,169883.0,IBEX,0.9299999999999997,3.444,Thursday,October,2021
2021-10-06,27.6,27.83,26.4,26.8,206658.0,IBEX,-0.8000000000000007,-2.899,Wednesday,October,2021
2021-10-05,29.0,29.0,27.4,27.57,86243.0,IBEX,-1.4299999999999997,-4.931,Tuesday,October,2021
2021-10-04,28.6,28.83,28.06,28.15,77901.0,IBEX,-0.45000000000000284,-1.573,Monday,October,2021
2021-10-01,28.6,28.6,28.01,28.5,83611.0,IBEX,-0.10000000000000142,-0.35,Friday,October,2021
2021-09-30,28.89,28.9,28.24,28.33,171601.0,IBEX,-0.5600000000000023,-1.938,Thursday,September,2021
2021-09-29,28.66,29.24,28.46,28.68,549891.0,IBEX,0.019999999999999574,0.07,Wednesday,September,2021
2021-09-28,29.2,29.23,28.12,28.25,598413.0,IBEX,-0.9499999999999993,-3.253,Tuesday,September,2021
2021-09-27,29.59,30.09,29.11,29.17,199655.0,IBEX,-0.41999999999999815,-1.419,Monday,September,2021
2021-09-24,29.85,29.85,29.0,29.25,361664.0,IBEX,-0.6000000000000014,-2.01,Friday,September,2021
2021-09-23,30.1,30.1,29.56,29.71,55323.0,IBEX,-0.39000000000000057,-1.296,Thursday,September,2021
2021-09-22,29.57,29.86,29.38,29.56,62173.0,IBEX,-0.010000000000001563,-0.034,Wednesday,September,2021
2021-09-21,28.79,29.65,28.79,29.65,190389.0,IBEX,0.8599999999999994,2.987,Tuesday,September,2021
2021-09-20,29.1,29.45,28.6,28.6,105422.0,IBEX,-0.5,-1.718,Monday,September,2021
2021-09-17,29.4,30.14,29.2,29.4,116216.0,IBEX,0.0,0.0,Friday,September,2021
2021-09-16,29.0,29.97,27.31,29.05,196609.0,IBEX,0.05000000000000071,0.172,Thursday,September,2021
2021-09-15,30.11,30.34,28.63,28.84,181785.0,IBEX,-1.2699999999999996,-4.218,Wednesday,September,2021
2021-09-14,31.0,31.0,30.0,30.2,97381.0,IBEX,-0.8000000000000007,-2.581,Tuesday,September,2021
2021-09-13,31.0,31.11,30.61,31.0,66952.0,IBEX,0.0,0.0,Monday,September,2021
2021-09-10,30.31,30.89,30.18,30.7,74764.0,IBEX,0.39000000000000057,1.287,Friday,September,2021
2021-09-09,30.39,30.64,30.01,30.21,50175.0,IBEX,-0.17999999999999972,-0.592,Thursday,September,2021
2021-09-08,30.4,30.4,29.77,30.3,45045.0,IBEX,-0.09999999999999787,-0.329,Wednesday,September,2021
2021-09-07,30.4,30.77,29.95,30.22,87911.0,IBEX,-0.17999999999999972,-0.592,Tuesday,September,2021
2021-09-06,30.8,30.98,29.63,29.85,47409.0,IBEX,-0.9499999999999993,-3.084,Monday,September,2021
2021-09-03,31.0,31.0,30.19,30.56,30298.0,IBEX,-0.4400000000000013,-1.419,Friday,September,2021
2021-09-02,30.6,31.15,30.56,30.63,55170.0,IBEX,0.029999999999997584,0.098,Thursday,September,2021
2021-09-01,30.28,30.87,30.25,30.66,70950.0,IBEX,0.379999999999999,1.255,Wednesday,September,2021
2021-08-31,29.8,30.28,29.51,30.28,141183.0,IBEX,0.4800000000000004,1.611,Tuesday,August,2021
2021-08-30,29.94,30.47,29.6,29.6,50067.0,IBEX,-0.33999999999999986,-1.136,Monday,August,2021
2021-08-27,30.29,30.8,29.5,29.5,148007.0,IBEX,-0.7899999999999991,-2.608,Friday,August,2021
2021-08-26,30.3,30.79,29.6,29.6,42748.0,IBEX,-0.6999999999999993,-2.31,Thursday,August,2021
2021-08-25,30.01,30.79,30.01,30.28,58079.0,IBEX,0.2699999999999996,0.9,Wednesday,August,2021
2021-08-24,30.0,30.84,29.83,30.1,50145.0,IBEX,0.10000000000000142,0.333,Tuesday,August,2021
2021-08-23,30.5,30.5,29.7,29.93,26619.0,IBEX,-0.5700000000000003,-1.869,Monday,August,2021
2021-08-20,30.35,30.7,29.94,29.99,18361.0,IBEX,-0.360000000000003,-1.186,Friday,August,2021
2021-08-19,30.6,30.9,30.0,30.6,30033.0,IBEX,0.0,0.0,Thursday,August,2021
2021-08-18,29.95,30.89,29.95,30.42,59623.0,IBEX,0.4700000000000024,1.569,Wednesday,August,2021
2021-08-17,29.9,30.49,29.7,30.0,79439.0,IBEX,0.10000000000000142,0.334,Tuesday,August,2021
2021-08-16,30.01,30.48,29.61,30.08,24032.0,IBEX,0.06999999999999673,0.233,Monday,August,2021
2021-08-13,31.0,31.01,30.16,30.26,29243.0,IBEX,-0.7399999999999984,-2.387,Friday,August,2021
2021-08-12,31.32,31.39,30.71,30.74,27564.0,IBEX,-0.5800000000000018,-1.852,Thursday,August,2021
2021-08-11,31.52,31.52,30.6,30.7,50940.0,IBEX,-0.8200000000000003,-2.602,Wednesday,August,2021
2021-08-10,31.4,31.54,30.78,31.01,139967.0,IBEX,-0.389999999999997,-1.242,Tuesday,August,2021
2021-08-09,30.9,31.5,30.1,30.62,137585.0,IBEX,-0.2799999999999976,-0.906,Monday,August,2021
2021-08-06,30.6,31.22,30.47,30.73,78805.0,IBEX,0.129999999999999,0.425,Friday,August,2021
2021-08-05,31.02,31.4,30.76,30.9,64694.0,IBEX,-0.120000000000001,-0.387,Thursday,August,2021
2021-08-04,30.5,30.99,29.81,30.9,88892.0,IBEX,0.3999999999999986,1.311,Wednesday,August,2021
2021-08-03,29.4,30.48,29.0,30.47,32710.0,IBEX,1.0700000000000003,3.639,Tuesday,August,2021
2021-08-02,29.0,29.43,28.61,29.43,57370.0,IBEX,0.4299999999999997,1.483,Monday,August,2021
2021-07-30,29.85,29.94,28.52,28.79,95893.0,IBEX,-1.0600000000000023,-3.551,Friday,July,2021
2021-07-29,30.3,30.58,29.62,29.81,128259.0,IBEX,-0.490000000000002,-1.617,Thursday,July,2021
2021-07-28,29.5,30.5,29.5,30.2,110109.0,IBEX,0.6999999999999993,2.373,Wednesday,July,2021
2021-07-27,29.4,30.02,29.4,29.96,135146.0,IBEX,0.5600000000000023,1.905,Tuesday,July,2021
2021-07-26,30.0,30.5,29.5,29.52,33583.0,IBEX,-0.4800000000000004,-1.6,Monday,July,2021
2021-07-23,29.5,29.89,29.4,29.61,43958.0,IBEX,0.10999999999999943,0.373,Friday,July,2021
2021-07-22,29.6,29.8,29.26,29.71,37857.0,IBEX,0.10999999999999943,0.372,Thursday,July,2021
2021-07-21,29.75,29.75,28.85,29.4,89057.0,IBEX,-0.3500000000000014,-1.176,Wednesday,July,2021
2021-07-20,29.4,30.13,29.23,29.23,115526.0,IBEX,-0.16999999999999815,-0.578,Tuesday,July,2021
2021-07-19,29.84,30.11,29.04,29.21,105638.0,IBEX,-0.629999999999999,-2.111,Monday,July,2021
2021-07-16,30.06,30.5,29.71,29.8,53807.0,IBEX,-0.259999999999998,-0.865,Friday,July,2021
2021-07-15,30.2,30.8,29.86,30.0,95008.0,IBEX,-0.1999999999999993,-0.662,Thursday,July,2021
2021-07-14,30.53,30.53,29.5,30.33,149107.0,IBEX,-0.20000000000000284,-0.655,Wednesday,July,2021
2021-07-13,30.6,30.76,30.38,30.45,126685.0,IBEX,-0.15000000000000213,-0.49,Tuesday,July,2021
2021-07-12,30.95,30.95,30.23,30.54,180852.0,IBEX,-0.41000000000000014,-1.325,Monday,July,2021
2021-07-09,29.95,30.75,29.63,30.6,342990.0,IBEX,0.6500000000000021,2.17,Friday,July,2021
2021-07-08,29.48,29.9,29.06,29.9,279224.0,IBEX,0.41999999999999815,1.425,Thursday,July,2021
2021-07-07,28.79,29.5,28.52,29.5,396667.0,IBEX,0.7100000000000009,2.466,Wednesday,July,2021
2021-07-06,29.1,29.1,28.5,28.79,339807.0,IBEX,-0.3100000000000023,-1.065,Tuesday,July,2021
2021-07-05,29.5,29.5,28.55,29.0,721560.0,IBEX,-0.5,-1.695,Monday,July,2021
2021-07-02,29.0,29.3,27.99,29.3,1048322.0,IBEX,0.3000000000000007,1.034,Friday,July,2021
